ign,combat_power
LaLlorona,120993
Atherine,111153
PaltySussy,107820
Maldita,102342
StimPhetti,94935
kreesha,91292
mimasue,90249
AsunaXx,89818
Wilverine,88163
META,87138
DxDiablo,87110
JayCoolHero,86866
GalawGAU,86437
xPIEx,86002
Zats,85991
Malware,85842
kupsz,84817
Meowtwo,84094
Chooy,83172
Eruusan,82379
Algea,80853
NoName27,80438
ExpiredXD,79201
Aizen04,77241
YmeL,75816
ASMODEUS,69827
cheepeepie,69035
JupiPay,66278
GoldenLion,65543
VianaCandice,65035
UnclexJohn,63222
TangoFoxtrot,62748
L33mon,58727
AndroidMikas,58555
UsmakoNN,55750
MystG,49902
BeeLzieBuB,0
iTamm,0
JDxK18,0
